{"cameraMode":{"drawMode":0,"name":"Shaded","section":"Shading Mode"},"sceneLighting":true,"audioPlay":false,"sceneViewState":{"showFog":true,"showMaterialUpdate":false,"showSkybox":true,"showFlares":true,"showImageEffects":true,"showParticleSystems":true},"in2DMode":false,"pivot":{"x":-1.5296473503112794,"y":0.5176632404327393,"z":1.1932642459869385},"rotation":{"x":0.10007619112730026,"y":-0.7632895112037659,"z":0.12192464619874954,"w":0.6265087723731995},"size":63.28190231323242,"orthographic":false}