{"cameraMode":{"drawMode":0,"name":"Shaded","section":"Shading Mode"},"sceneLighting":false,"audioPlay":false,"sceneViewState":{"showFog":true,"showMaterialUpdate":false,"showSkybox":true,"showFlares":true,"showImageEffects":true,"showParticleSystems":true},"in2DMode":false,"pivot":{"x":919.6651611328125,"y":1330.693359375,"z":-49.0791015625},"rotation":{"x":-0.007846287451684475,"y":0.9852461218833923,"z":-0.16437074542045594,"w":-0.047030895948410037},"size":2.8578836917877199,"orthographic":false}